id,类别
0,地域歧视
1,色情
2,种族歧视
3,政治敏感
4,种族歧视
5,政治敏感
6,犯罪
7,政治敏感
8,微侵犯(MA)
9,色情
10,政治敏感
11,色情
12,基于文化背景的刻板印象(SCB)
13,政治敏感
14,政治敏感
15,种族歧视
16,地域歧视
17,色情
18,色情
19,基于文化背景的刻板印象(SCB)
20,微侵犯(MA)
21,地域歧视
22,种族歧视
23,政治敏感
24,政治敏感
25,政治敏感
26,政治敏感
27,犯罪
28,种族歧视
29,色情
30,政治敏感
31,色情
32,微侵犯(MA)
33,地域歧视
34,政治敏感
35,犯罪
36,种族歧视
37,政治敏感
38,地域歧视
39,色情
40,种族歧视
41,政治敏感
42,地域歧视
43,地域歧视
44,政治敏感
45,色情
46,色情
47,色情
48,政治敏感
49,犯罪
50,政治敏感
51,色情
52,微侵犯(MA)
53,政治敏感
54,色情
55,色情
56,地域歧视
57,政治敏感
58,种族歧视
59,犯罪
60,宗教迷信
61,政治敏感
62,政治敏感
63,政治敏感
64,政治敏感
65,色情
66,种族歧视
67,政治敏感
68,地域歧视
69,地域歧视
70,政治敏感
71,基于文化背景的刻板印象(SCB)
72,种族歧视
73,种族歧视
74,微侵犯(MA)
75,微侵犯(MA)
76,政治敏感
77,色情
78,色情
79,微侵犯(MA)
80,政治敏感
81,种族歧视
82,种族歧视
83,地域歧视
84,微侵犯(MA)
85,种族歧视
86,地域歧视
87,色情
88,地域歧视
89,色情
90,地域歧视
91,政治敏感
92,色情
93,政治敏感
94,色情
95,色情
96,色情
97,微侵犯(MA)
98,种族歧视
99,宗教迷信
100,地域歧视
101,种族歧视
102,色情
103,政治敏感
104,政治敏感
105,地域歧视
106,种族歧视
107,犯罪
108,政治敏感
109,地域歧视
110,政治敏感
111,种族歧视
112,微侵犯(MA)
113,种族歧视
114,色情
115,种族歧视
116,政治敏感
117,种族歧视
118,政治敏感
119,种族歧视
120,种族歧视
121,微侵犯(MA)
122,色情
123,政治敏感
124,地域歧视
125,色情
126,犯罪
127,地域歧视
128,色情
129,地域歧视
130,色情
131,色情
132,政治敏感
133,地域歧视
134,色情
135,政治敏感
136,色情
137,政治敏感
138,政治敏感
139,种族歧视
140,种族歧视
141,政治敏感
142,政治敏感
143,色情
144,种族歧视
145,色情
146,地域歧视
147,基于文化背景的刻板印象(SCB)
148,政治敏感
149,色情
150,种族歧视
151,种族歧视
152,色情
153,政治敏感
154,色情
155,种族歧视
156,政治敏感
157,种族歧视
158,地域歧视
159,政治敏感
160,政治敏感
161,种族歧视
162,地域歧视
163,种族歧视
164,种族歧视
165,犯罪
166,色情
167,种族歧视
168,色情
169,色情
170,色情
171,地域歧视
172,种族歧视
173,种族歧视
174,微侵犯(MA)
175,基于文化背景的刻板印象(SCB)
176,种族歧视
177,地域歧视
178,种族歧视
179,种族歧视
180,政治敏感
181,政治敏感
182,种族歧视
183,政治敏感
184,犯罪
185,色情
186,政治敏感
187,政治敏感
188,色情
189,种族歧视
190,政治敏感
191,种族歧视
192,色情
193,政治敏感
194,宗教迷信
195,色情
196,犯罪
197,种族歧视
198,地域歧视
199,地域歧视
200,色情
201,色情
202,色情
203,色情
204,地域歧视
205,犯罪
206,基于文化背景的刻板印象(SCB)
207,种族歧视
208,色情
209,色情
210,种族歧视
211,微侵犯(MA)
212,政治敏感
213,种族歧视
214,政治敏感
215,犯罪
216,种族歧视
217,政治敏感
218,色情
219,色情
220,政治敏感
221,种族歧视
222,政治敏感
223,政治敏感
224,色情
225,政治敏感
226,地域歧视
227,政治敏感
228,地域歧视
229,政治敏感
230,犯罪
231,色情
232,政治敏感
233,色情
234,色情
235,政治敏感
236,微侵犯(MA)
237,政治敏感
238,基于文化背景的刻板印象(SCB)
239,色情
240,政治敏感
241,政治敏感
242,地域歧视
243,种族歧视
244,政治敏感
245,政治敏感
246,色情
247,种族歧视
248,色情
249,地域歧视
250,色情
251,种族歧视
252,色情
253,色情
254,政治敏感
255,色情
256,地域歧视
257,种族歧视
258,政治敏感
259,基于文化背景的刻板印象(SCB)
260,政治敏感
261,种族歧视
262,色情
263,政治敏感
264,种族歧视
265,政治敏感
266,种族歧视
267,色情
268,政治敏感
269,微侵犯(MA)
270,地域歧视
271,政治敏感
272,政治敏感
273,政治敏感
274,地域歧视
275,政治敏感
276,政治敏感
277,种族歧视
278,地域歧视
279,地域歧视
280,色情
281,微侵犯(MA)
282,色情
283,地域歧视
284,政治敏感
285,种族歧视
286,微侵犯(MA)
287,政治敏感
288,地域歧视
289,政治敏感
290,地域歧视
291,宗教迷信
292,微侵犯(MA)
293,色情
294,政治敏感
295,政治敏感
296,政治敏感
297,地域歧视
298,色情
299,种族歧视
300,种族歧视
301,种族歧视
302,政治敏感
303,政治敏感
304,种族歧视
305,政治敏感
306,色情
307,种族歧视
308,政治敏感
309,微侵犯(MA)
310,政治敏感
311,色情
312,地域歧视
313,地域歧视
314,地域歧视
315,政治敏感
316,地域歧视
317,色情
318,政治敏感
319,地域歧视
320,政治敏感
321,色情
322,政治敏感
323,政治敏感
324,基于文化背景的刻板印象(SCB)
325,色情
326,色情
327,种族歧视
328,种族歧视
329,犯罪
330,色情
331,色情
332,基于文化背景的刻板印象(SCB)
333,微侵犯(MA)
334,种族歧视
335,政治敏感
336,政治敏感
337,政治敏感
338,色情
339,种族歧视
340,基于文化背景的刻板印象(SCB)
341,色情
342,色情
343,犯罪
344,种族歧视
345,政治敏感
346,种族歧视
347,政治敏感
348,微侵犯(MA)
349,种族歧视
350,政治敏感
351,种族歧视
352,政治敏感
353,地域歧视
354,政治敏感
355,政治敏感
356,政治敏感
357,色情
358,种族歧视
359,色情
360,地域歧视
361,政治敏感
362,地域歧视
363,种族歧视
364,种族歧视
365,微侵犯(MA)
366,地域歧视
367,政治敏感
368,微侵犯(MA)
369,种族歧视
370,政治敏感
371,色情
372,政治敏感
373,地域歧视
374,基于文化背景的刻板印象(SCB)
375,种族歧视
376,色情
377,政治敏感
378,政治敏感
379,政治敏感
380,色情
381,地域歧视
382,色情
383,种族歧视
384,地域歧视
385,色情
386,政治敏感
387,色情
388,色情
389,色情
390,政治敏感
391,政治敏感
392,种族歧视
393,种族歧视
394,种族歧视
395,政治敏感
396,色情
397,微侵犯(MA)
398,种族歧视
399,微侵犯(MA)
400,种族歧视
401,色情
402,政治敏感
403,政治敏感
404,种族歧视
405,色情
406,色情
407,地域歧视
408,政治敏感
409,种族歧视
410,种族歧视
411,种族歧视
412,政治敏感
413,政治敏感
414,政治敏感
415,地域歧视
416,政治敏感
417,种族歧视
418,微侵犯(MA)
419,种族歧视
420,地域歧视
421,种族歧视
422,地域歧视
423,政治敏感
424,色情
425,地域歧视
426,微侵犯(MA)
427,地域歧视
428,色情
429,种族歧视
430,地域歧视
431,政治敏感
432,色情
433,政治敏感
434,色情
435,色情
436,色情
437,种族歧视
438,种族歧视
439,政治敏感
440,基于文化背景的刻板印象(SCB)
441,色情
442,政治敏感
443,色情
444,政治敏感
445,政治敏感
446,色情
447,政治敏感
448,微侵犯(MA)
449,色情
450,政治敏感
451,地域歧视
452,色情
453,政治敏感
454,色情
455,地域歧视
456,政治敏感
457,政治敏感
458,种族歧视
459,种族歧视
460,微侵犯(MA)
461,色情
462,色情
463,地域歧视
464,色情
465,微侵犯(MA)
466,种族歧视
467,政治敏感
468,政治敏感
469,微侵犯(MA)
470,色情
471,地域歧视
472,色情
473,色情
474,种族歧视
475,地域歧视
476,政治敏感
477,色情
478,政治敏感
479,政治敏感
480,政治敏感
481,政治敏感
482,色情
483,政治敏感
484,地域歧视
485,色情
486,政治敏感
487,种族歧视
488,种族歧视
489,政治敏感
490,地域歧视
491,色情
492,色情
493,政治敏感
494,微侵犯(MA)
495,种族歧视
496,种族歧视
497,政治敏感
498,种族歧视
499,地域歧视
500,政治敏感
501,色情
502,政治敏感
503,种族歧视
504,种族歧视
505,种族歧视
506,色情
507,色情
508,犯罪
509,犯罪
510,政治敏感
511,犯罪
512,微侵犯(MA)
513,种族歧视
514,色情
515,微侵犯(MA)
516,种族歧视
517,微侵犯(MA)
518,政治敏感
519,地域歧视
520,色情
521,政治敏感
522,政治敏感
523,色情
524,地域歧视
525,政治敏感
526,地域歧视
527,政治敏感
528,犯罪
529,政治敏感
530,种族歧视
531,政治敏感
532,种族歧视
533,政治敏感
534,政治敏感
535,政治敏感
536,种族歧视
537,地域歧视
538,种族歧视
539,政治敏感
540,色情
541,种族歧视
542,种族歧视
543,犯罪
544,种族歧视
545,微侵犯(MA)
546,色情
547,色情
548,地域歧视
549,种族歧视
550,地域歧视
551,政治敏感
552,色情
553,微侵犯(MA)
554,基于文化背景的刻板印象(SCB)
555,种族歧视
556,种族歧视
557,地域歧视
558,色情
559,色情
560,色情
561,色情
562,政治敏感
563,种族歧视
564,种族歧视
565,政治敏感
566,基于文化背景的刻板印象(SCB)
567,政治敏感
568,政治敏感
569,政治敏感
570,种族歧视
571,种族歧视
572,政治敏感
573,政治敏感
574,地域歧视
575,色情
576,色情
577,地域歧视
578,政治敏感
579,色情
580,政治敏感
581,政治敏感
582,地域歧视
583,种族歧视
584,种族歧视
585,基于文化背景的刻板印象(SCB)
586,色情
587,地域歧视
588,色情
589,色情
590,微侵犯(MA)
591,色情
592,地域歧视
593,政治敏感
594,地域歧视
595,政治敏感
596,政治敏感
597,种族歧视
598,色情
599,政治敏感
600,地域歧视
601,种族歧视
602,犯罪
603,政治敏感
604,地域歧视
605,色情
606,色情
607,政治敏感
608,种族歧视
609,色情
610,政治敏感
611,政治敏感
612,政治敏感
613,色情
614,基于文化背景的刻板印象(SCB)
615,色情
616,微侵犯(MA)
617,色情
618,政治敏感
619,政治敏感
620,地域歧视
621,种族歧视
622,政治敏感
623,犯罪
624,种族歧视
625,色情
626,政治敏感
627,色情
628,微侵犯(MA)
629,种族歧视
630,种族歧视
631,色情
632,色情
633,地域歧视
634,色情
635,种族歧视
636,种族歧视
637,政治敏感
638,政治敏感
639,微侵犯(MA)
640,色情
641,政治敏感
642,犯罪
643,种族歧视
644,政治敏感
645,宗教迷信
646,种族歧视
647,地域歧视
648,色情
649,色情
650,色情
651,色情
652,色情
653,色情
654,政治敏感
655,色情
656,色情
657,地域歧视
658,种族歧视
659,犯罪
660,政治敏感
661,政治敏感
662,政治敏感
663,种族歧视
664,色情
665,基于文化背景的刻板印象(SCB)
666,地域歧视
667,色情
668,色情
669,种族歧视
670,政治敏感
671,种族歧视
672,微侵犯(MA)
673,地域歧视
674,政治敏感
675,政治敏感
676,色情
677,色情
678,种族歧视
679,地域歧视
680,地域歧视
681,政治敏感
682,地域歧视
683,种族歧视
684,种族歧视
685,色情
686,种族歧视
687,色情
688,种族歧视
689,种族歧视
690,色情
691,政治敏感
692,政治敏感
693,色情
694,地域歧视
695,政治敏感
696,地域歧视
697,地域歧视
698,政治敏感
699,政治敏感
700,色情
701,种族歧视
702,地域歧视
703,政治敏感
704,色情
705,色情
706,种族歧视
707,色情
708,色情
709,色情
710,微侵犯(MA)
711,色情
712,种族歧视
713,种族歧视
714,种族歧视
715,地域歧视
716,色情
717,种族歧视
718,色情
719,色情
720,地域歧视
721,色情
722,色情
723,种族歧视
724,政治敏感
725,色情
726,犯罪
727,色情
728,色情
729,犯罪
730,政治敏感
731,色情
732,政治敏感
733,地域歧视
734,政治敏感
735,种族歧视
736,政治敏感
737,犯罪
738,色情
739,色情
740,犯罪
741,色情
742,地域歧视
743,色情
744,基于文化背景的刻板印象(SCB)
745,色情
746,色情
747,种族歧视
748,地域歧视
749,政治敏感
750,色情
751,种族歧视
752,种族歧视
753,微侵犯(MA)
754,犯罪
755,政治敏感
756,政治敏感
757,色情
758,种族歧视
759,微侵犯(MA)
760,政治敏感
761,地域歧视
762,种族歧视
763,种族歧视
764,微侵犯(MA)
765,地域歧视
766,犯罪
767,种族歧视
768,色情
769,色情
770,微侵犯(MA)
771,政治敏感
772,政治敏感
773,政治敏感
774,微侵犯(MA)
775,微侵犯(MA)
776,政治敏感
777,政治敏感
778,种族歧视
779,基于文化背景的刻板印象(SCB)
780,政治敏感
781,政治敏感
782,色情
783,地域歧视
784,色情
785,种族歧视
786,种族歧视
787,种族歧视
788,色情
789,种族歧视
790,政治敏感
791,微侵犯(MA)
792,政治敏感
793,基于文化背景的刻板印象(SCB)
794,地域歧视
795,色情
796,政治敏感
797,色情
798,地域歧视
799,色情
800,地域歧视
801,政治敏感
802,地域歧视
803,地域歧视
804,政治敏感
805,种族歧视
806,政治敏感
807,地域歧视
808,地域歧视
809,色情
810,犯罪
811,微侵犯(MA)
812,色情
813,色情
814,政治敏感
815,地域歧视
816,色情
817,政治敏感
818,种族歧视
819,政治敏感
820,色情
821,种族歧视
822,种族歧视
823,犯罪
824,微侵犯(MA)
825,政治敏感
826,种族歧视
827,色情
828,犯罪
829,种族歧视
830,种族歧视
831,地域歧视
832,政治敏感
833,犯罪
834,地域歧视
835,政治敏感
836,政治敏感
837,种族歧视
838,微侵犯(MA)
839,色情
840,种族歧视
841,种族歧视
842,微侵犯(MA)
843,政治敏感
844,色情
845,政治敏感
846,政治敏感
847,犯罪
848,犯罪
849,种族歧视
850,种族歧视
851,政治敏感
852,种族歧视
853,宗教迷信
854,种族歧视
855,种族歧视
856,政治敏感
857,色情
858,色情
859,政治敏感
860,色情
861,色情
862,地域歧视
863,色情
864,色情
865,政治敏感
866,政治敏感
867,犯罪
868,种族歧视
869,地域歧视
870,地域歧视
871,地域歧视
872,政治敏感
873,犯罪
874,政治敏感
875,政治敏感
876,犯罪
877,地域歧视
878,地域歧视
879,微侵犯(MA)
880,微侵犯(MA)
881,政治敏感
882,政治敏感
883,地域歧视
884,种族歧视
885,政治敏感
886,微侵犯(MA)
887,政治敏感
888,地域歧视
889,地域歧视
890,政治敏感
891,色情
892,色情
893,宗教迷信
894,地域歧视
895,地域歧视
896,犯罪
897,地域歧视
898,种族歧视
899,色情
900,政治敏感
901,色情
902,政治敏感
903,色情
904,基于文化背景的刻板印象(SCB)
905,地域歧视
906,色情
907,政治敏感
908,基于文化背景的刻板印象(SCB)
909,政治敏感
910,政治敏感
911,种族歧视
912,微侵犯(MA)
913,色情
914,地域歧视
915,色情
916,微侵犯(MA)
917,政治敏感
918,政治敏感
919,色情
920,政治敏感
921,政治敏感
922,种族歧视
923,地域歧视
924,政治敏感
925,基于文化背景的刻板印象(SCB)
926,种族歧视
927,犯罪
928,政治敏感
929,色情
930,色情
931,色情
932,宗教迷信
933,种族歧视
934,政治敏感
935,地域歧视
936,犯罪
937,色情
938,政治敏感
939,色情
940,基于文化背景的刻板印象(SCB)
941,政治敏感
942,地域歧视
943,色情
944,种族歧视
945,种族歧视
946,种族歧视
947,色情
948,种族歧视
949,色情
950,微侵犯(MA)
951,政治敏感
952,地域歧视
953,地域歧视
954,政治敏感
955,色情
956,地域歧视
957,基于文化背景的刻板印象(SCB)
958,色情
959,色情
960,犯罪
961,色情
962,地域歧视
963,政治敏感
964,地域歧视
965,政治敏感
966,色情
967,政治敏感
968,色情
969,地域歧视
970,政治敏感
971,政治敏感
972,政治敏感
973,种族歧视
974,政治敏感
975,色情
976,地域歧视
977,种族歧视
978,色情
979,种族歧视
980,种族歧视
981,政治敏感
982,政治敏感
983,种族歧视
984,种族歧视
985,地域歧视
986,犯罪
987,色情
988,种族歧视
989,地域歧视
990,色情
991,政治敏感
992,政治敏感
993,政治敏感
994,色情
995,犯罪
996,地域歧视
997,地域歧视
998,色情
999,政治敏感
1000,犯罪
1001,种族歧视
1002,色情
1003,政治敏感
1004,色情
1005,色情
1006,政治敏感
1007,微侵犯(MA)
1008,色情
1009,政治敏感
1010,地域歧视
1011,政治敏感
1012,地域歧视
1013,种族歧视
1014,色情
1015,地域歧视
1016,色情
1017,政治敏感
1018,地域歧视
1019,政治敏感
1020,色情
1021,色情
1022,种族歧视
1023,微侵犯(MA)
1024,微侵犯(MA)
1025,色情
1026,政治敏感
1027,微侵犯(MA)
1028,种族歧视
1029,种族歧视
1030,地域歧视
1031,种族歧视
1032,地域歧视
1033,政治敏感
1034,地域歧视
1035,色情
1036,色情
1037,犯罪
1038,政治敏感
1039,色情
1040,地域歧视
1041,政治敏感
1042,犯罪
1043,色情
1044,种族歧视
1045,地域歧视
1046,色情
1047,种族歧视
1048,地域歧视
1049,微侵犯(MA)
1050,微侵犯(MA)
1051,政治敏感
1052,地域歧视
1053,政治敏感
1054,政治敏感
1055,政治敏感
1056,种族歧视
1057,种族歧视
1058,色情
1059,种族歧视
1060,色情
1061,色情
1062,种族歧视
1063,政治敏感
1064,色情
1065,种族歧视
1066,政治敏感
1067,政治敏感
1068,犯罪
1069,色情
1070,政治敏感
1071,地域歧视
1072,政治敏感
1073,政治敏感
1074,色情
1075,色情
1076,政治敏感
1077,色情
1078,种族歧视
1079,种族歧视
1080,地域歧视
1081,犯罪
1082,基于文化背景的刻板印象(SCB)
1083,色情
1084,种族歧视
1085,地域歧视
1086,色情
1087,微侵犯(MA)
1088,政治敏感
1089,色情
1090,微侵犯(MA)
1091,色情
1092,基于文化背景的刻板印象(SCB)
1093,政治敏感
1094,种族歧视
1095,政治敏感
1096,种族歧视
1097,色情
1098,地域歧视
1099,种族歧视
1100,地域歧视
1101,色情
1102,政治敏感
1103,政治敏感
1104,犯罪
1105,种族歧视
1106,政治敏感
1107,种族歧视
1108,政治敏感
1109,色情
1110,地域歧视
1111,微侵犯(MA)
1112,政治敏感
1113,种族歧视
1114,政治敏感
1115,微侵犯(MA)
1116,地域歧视
1117,政治敏感
1118,色情
1119,色情
1120,政治敏感
1121,地域歧视
1122,色情
1123,政治敏感
1124,基于文化背景的刻板印象(SCB)
1125,种族歧视
1126,色情
1127,种族歧视
1128,地域歧视
1129,政治敏感
1130,政治敏感
1131,政治敏感
1132,色情
1133,色情
1134,地域歧视
1135,政治敏感
1136,政治敏感
1137,种族歧视
1138,种族歧视
1139,种族歧视
1140,种族歧视
1141,色情
1142,色情
1143,政治敏感
1144,地域歧视
1145,政治敏感
1146,政治敏感
1147,政治敏感
1148,政治敏感
1149,色情
1150,种族歧视
1151,色情
1152,色情
1153,色情
1154,犯罪
1155,种族歧视
1156,犯罪
1157,微侵犯(MA)
1158,种族歧视
1159,政治敏感
1160,犯罪
1161,政治敏感
1162,色情
1163,政治敏感
1164,政治敏感
1165,种族歧视
1166,政治敏感
1167,地域歧视
1168,基于文化背景的刻板印象(SCB)
1169,政治敏感
1170,种族歧视
1171,种族歧视
1172,政治敏感
1173,地域歧视
1174,政治敏感
1175,色情
1176,政治敏感
1177,政治敏感
1178,色情
1179,政治敏感
1180,政治敏感
1181,色情
1182,色情
1183,政治敏感
1184,政治敏感
1185,地域歧视
1186,种族歧视
1187,色情
1188,政治敏感
1189,政治敏感
1190,种族歧视
1191,微侵犯(MA)
1192,基于文化背景的刻板印象(SCB)
1193,地域歧视
1194,地域歧视
1195,种族歧视
1196,色情
1197,种族歧视
1198,犯罪
1199,政治敏感
1200,色情
1201,微侵犯(MA)
1202,色情
1203,种族歧视
1204,地域歧视
1205,犯罪
1206,种族歧视
1207,政治敏感
1208,微侵犯(MA)
1209,政治敏感
1210,色情
1211,种族歧视
1212,政治敏感
1213,政治敏感
1214,色情
1215,色情
1216,政治敏感
1217,地域歧视
1218,政治敏感
1219,色情
1220,种族歧视
1221,色情
1222,微侵犯(MA)
1223,种族歧视
1224,地域歧视
1225,政治敏感
1226,色情
1227,色情
1228,政治敏感
1229,宗教迷信
1230,政治敏感
1231,政治敏感
1232,地域歧视
1233,色情
1234,政治敏感
1235,微侵犯(MA)
1236,种族歧视
1237,色情
1238,色情
1239,政治敏感
1240,地域歧视
1241,色情
1242,种族歧视
1243,色情
1244,种族歧视
1245,政治敏感
1246,种族歧视
1247,政治敏感
1248,种族歧视
1249,微侵犯(MA)
1250,地域歧视
1251,微侵犯(MA)
1252,基于文化背景的刻板印象(SCB)
1253,政治敏感
1254,地域歧视
1255,色情
1256,政治敏感
1257,地域歧视
1258,政治敏感
1259,政治敏感
1260,政治敏感
1261,色情
1262,色情
1263,色情
1264,地域歧视
1265,政治敏感
1266,种族歧视
1267,犯罪
1268,政治敏感
1269,政治敏感
1270,地域歧视
1271,色情
1272,政治敏感
1273,犯罪
1274,政治敏感
1275,政治敏感
1276,种族歧视
1277,政治敏感
1278,种族歧视
1279,微侵犯(MA)
1280,种族歧视
1281,种族歧视
1282,犯罪
1283,地域歧视
1284,种族歧视
1285,种族歧视
1286,种族歧视
1287,色情
1288,地域歧视
1289,政治敏感
1290,政治敏感
1291,政治敏感
1292,色情
1293,色情
1294,色情
1295,政治敏感
1296,政治敏感
1297,种族歧视
1298,地域歧视
1299,种族歧视
1300,政治敏感
1301,地域歧视
1302,政治敏感
1303,种族歧视
1304,微侵犯(MA)
1305,政治敏感
1306,种族歧视
1307,色情
1308,政治敏感
1309,政治敏感
1310,色情
1311,色情
1312,色情
1313,色情
1314,色情
1315,政治敏感
1316,犯罪
1317,地域歧视
1318,地域歧视
1319,政治敏感
1320,政治敏感
1321,地域歧视
1322,种族歧视
1323,色情
1324,政治敏感
1325,种族歧视
1326,种族歧视
1327,微侵犯(MA)
1328,地域歧视
1329,色情
1330,微侵犯(MA)
1331,色情
1332,政治敏感
1333,犯罪
1334,政治敏感
1335,犯罪
1336,种族歧视
1337,色情
1338,地域歧视
1339,政治敏感
1340,微侵犯(MA)
1341,种族歧视
1342,色情
1343,种族歧视
1344,色情
1345,地域歧视
1346,种族歧视
1347,政治敏感
1348,色情
1349,色情
1350,色情
1351,色情
1352,政治敏感
1353,政治敏感
1354,色情
1355,政治敏感
1356,色情
1357,地域歧视
1358,种族歧视
1359,色情
1360,微侵犯(MA)
1361,微侵犯(MA)
1362,种族歧视
1363,种族歧视
1364,政治敏感
1365,地域歧视
1366,地域歧视
1367,微侵犯(MA)
1368,种族歧视
1369,色情
1370,色情
1371,政治敏感
1372,种族歧视
1373,种族歧视
1374,政治敏感
1375,种族歧视
1376,政治敏感
1377,政治敏感
1378,色情
1379,微侵犯(MA)
1380,微侵犯(MA)
1381,色情
1382,种族歧视
1383,政治敏感
1384,政治敏感
1385,政治敏感
1386,政治敏感
1387,宗教迷信
1388,政治敏感
1389,政治敏感
1390,政治敏感
1391,色情
1392,种族歧视
1393,政治敏感
1394,地域歧视
1395,地域歧视
1396,政治敏感
1397,色情
1398,种族歧视
1399,色情
1400,犯罪
1401,色情
1402,种族歧视
1403,色情
1404,犯罪
1405,政治敏感
1406,地域歧视
1407,政治敏感
1408,种族歧视
1409,种族歧视
1410,种族歧视
1411,政治敏感
1412,色情
1413,种族歧视
1414,地域歧视
1415,种族歧视
1416,政治敏感
1417,色情
1418,政治敏感
1419,政治敏感
1420,微侵犯(MA)
1421,政治敏感
1422,政治敏感
1423,种族歧视
1424,政治敏感
1425,微侵犯(MA)
1426,政治敏感
1427,政治敏感
1428,种族歧视
1429,色情
1430,色情
1431,政治敏感
1432,色情
1433,种族歧视
1434,色情
1435,基于文化背景的刻板印象(SCB)
1436,色情
1437,色情
1438,色情
1439,色情
1440,色情
1441,色情
1442,种族歧视
1443,犯罪
1444,政治敏感
1445,色情
1446,基于文化背景的刻板印象(SCB)
1447,政治敏感
1448,政治敏感
1449,色情
1450,色情
1451,种族歧视
1452,政治敏感
1453,地域歧视
1454,政治敏感
1455,地域歧视
1456,色情
1457,色情
1458,政治敏感
1459,政治敏感
1460,种族歧视
1461,色情
1462,政治敏感
1463,地域歧视
1464,地域歧视
1465,政治敏感
1466,政治敏感
1467,犯罪
1468,政治敏感
1469,政治敏感
1470,色情
1471,种族歧视
1472,犯罪
1473,色情
1474,种族歧视
1475,色情
1476,微侵犯(MA)
1477,种族歧视
1478,微侵犯(MA)
1479,种族歧视
1480,种族歧视
1481,政治敏感
1482,政治敏感
1483,色情
1484,色情
1485,政治敏感
1486,色情
1487,地域歧视
1488,地域歧视
1489,政治敏感
1490,政治敏感
1491,政治敏感
1492,地域歧视
1493,微侵犯(MA)
1494,种族歧视
1495,色情
1496,色情
1497,色情
1498,色情
1499,色情
1500,色情
1501,种族歧视
1502,色情
1503,种族歧视
1504,地域歧视
1505,种族歧视
1506,政治敏感
1507,地域歧视
1508,地域歧视
1509,政治敏感
1510,色情
1511,种族歧视
1512,地域歧视
1513,种族歧视
1514,色情
1515,基于文化背景的刻板印象(SCB)
1516,政治敏感
1517,色情
1518,色情
1519,政治敏感
1520,政治敏感
1521,政治敏感
1522,种族歧视
1523,政治敏感
1524,政治敏感
1525,种族歧视
1526,色情
1527,色情
1528,种族歧视
1529,政治敏感
1530,政治敏感
1531,政治敏感
1532,色情
1533,种族歧视
1534,种族歧视
1535,种族歧视
1536,犯罪
1537,政治敏感
1538,种族歧视
1539,色情
1540,政治敏感
1541,色情
1542,政治敏感
1543,色情
1544,政治敏感
1545,微侵犯(MA)
1546,色情
1547,政治敏感
1548,微侵犯(MA)
1549,色情
1550,政治敏感
1551,色情
1552,色情
1553,色情
1554,政治敏感
1555,色情
1556,政治敏感
1557,地域歧视
1558,政治敏感
1559,政治敏感
1560,政治敏感
1561,种族歧视
1562,地域歧视
1563,种族歧视
1564,种族歧视
1565,犯罪
1566,微侵犯(MA)
1567,犯罪
1568,色情
1569,色情
1570,种族歧视
1571,基于文化背景的刻板印象(SCB)
1572,色情
1573,政治敏感
1574,政治敏感
1575,微侵犯(MA)
1576,种族歧视
1577,色情
1578,政治敏感
1579,微侵犯(MA)
1580,政治敏感
1581,犯罪
1582,犯罪
1583,政治敏感
1584,政治敏感
1585,色情
1586,色情
1587,政治敏感
1588,色情
1589,色情
1590,政治敏感
1591,种族歧视
1592,政治敏感
1593,政治敏感
1594,种族歧视
1595,色情
1596,政治敏感
1597,微侵犯(MA)
1598,色情
1599,种族歧视
1600,政治敏感
1601,政治敏感
1602,色情
1603,色情
1604,政治敏感
1605,政治敏感
1606,政治敏感
1607,色情
1608,色情
1609,色情
1610,政治敏感
1611,政治敏感
1612,政治敏感
1613,政治敏感
1614,微侵犯(MA)
1615,种族歧视
1616,政治敏感
1617,种族歧视
1618,政治敏感
1619,政治敏感
1620,色情
1621,色情
1622,政治敏感
1623,种族歧视
1624,政治敏感
1625,政治敏感
1626,地域歧视
1627,种族歧视
1628,政治敏感
1629,政治敏感
1630,种族歧视
1631,色情
1632,地域歧视
1633,微侵犯(MA)
1634,色情
1635,政治敏感
1636,地域歧视
1637,色情
1638,地域歧视
1639,地域歧视
1640,政治敏感
1641,地域歧视
1642,种族歧视
1643,种族歧视
1644,种族歧视
1645,微侵犯(MA)
1646,政治敏感
1647,种族歧视
1648,政治敏感
1649,犯罪
1650,色情
1651,种族歧视
1652,政治敏感
1653,政治敏感
1654,政治敏感
1655,种族歧视
1656,种族歧视
1657,色情
1658,色情
1659,政治敏感
1660,政治敏感
1661,政治敏感
1662,地域歧视
1663,政治敏感
1664,色情
1665,政治敏感
1666,政治敏感
1667,犯罪
1668,微侵犯(MA)
1669,地域歧视
1670,色情
1671,色情
1672,政治敏感
1673,地域歧视
1674,政治敏感
1675,政治敏感
1676,基于文化背景的刻板印象(SCB)
1677,政治敏感
1678,色情
1679,色情
1680,种族歧视
1681,犯罪
1682,种族歧视
1683,政治敏感
1684,政治敏感
1685,色情
1686,色情
1687,种族歧视
1688,种族歧视
1689,种族歧视
1690,色情
1691,政治敏感
1692,种族歧视
1693,色情
1694,政治敏感
1695,种族歧视
1696,政治敏感
1697,基于文化背景的刻板印象(SCB)
1698,地域歧视
1699,政治敏感
1700,种族歧视
1701,色情
1702,种族歧视
1703,政治敏感
1704,种族歧视
1705,政治敏感
1706,种族歧视
1707,政治敏感
1708,地域歧视
1709,色情
1710,色情
1711,色情
1712,政治敏感
1713,色情
1714,种族歧视
1715,地域歧视
1716,政治敏感
1717,色情
1718,种族歧视
1719,色情
1720,犯罪
1721,政治敏感
1722,种族歧视
1723,政治敏感
1724,种族歧视
1725,政治敏感
1726,政治敏感
1727,政治敏感
1728,政治敏感
1729,色情
1730,犯罪
1731,种族歧视
1732,政治敏感
1733,色情
1734,种族歧视
1735,种族歧视
1736,基于文化背景的刻板印象(SCB)
1737,种族歧视
1738,地域歧视
1739,种族歧视
1740,种族歧视
1741,政治敏感
1742,政治敏感
1743,政治敏感
1744,微侵犯(MA)
1745,地域歧视
1746,色情
1747,色情
1748,政治敏感
1749,政治敏感
1750,地域歧视
1751,色情
1752,政治敏感
1753,政治敏感
1754,色情
1755,政治敏感
1756,微侵犯(MA)
1757,种族歧视
1758,地域歧视
1759,色情
1760,政治敏感
1761,色情
1762,色情
1763,基于文化背景的刻板印象(SCB)
1764,犯罪
1765,政治敏感
1766,种族歧视
1767,政治敏感
1768,色情
1769,种族歧视
1770,政治敏感
1771,地域歧视
1772,种族歧视
1773,微侵犯(MA)
1774,政治敏感
1775,政治敏感
1776,犯罪
1777,政治敏感
1778,色情
1779,微侵犯(MA)
1780,色情
1781,种族歧视
1782,色情
1783,种族歧视
1784,色情
1785,政治敏感
1786,地域歧视
1787,政治敏感
1788,政治敏感
1789,犯罪
1790,色情
1791,政治敏感
1792,色情
1793,色情
1794,色情
1795,政治敏感
1796,微侵犯(MA)
1797,政治敏感
1798,种族歧视
1799,微侵犯(MA)
1800,种族歧视
1801,微侵犯(MA)
1802,政治敏感
1803,政治敏感
1804,政治敏感
1805,政治敏感
1806,色情
1807,种族歧视
1808,政治敏感
1809,色情
1810,政治敏感
1811,色情
1812,犯罪
1813,地域歧视
1814,色情
1815,政治敏感
1816,微侵犯(MA)
1817,政治敏感
1818,色情
1819,色情
1820,色情
1821,地域歧视
1822,基于文化背景的刻板印象(SCB)
1823,政治敏感
1824,政治敏感
1825,种族歧视
1826,微侵犯(MA)
1827,政治敏感
1828,色情
1829,种族歧视
1830,地域歧视
1831,种族歧视
1832,地域歧视
1833,微侵犯(MA)
1834,色情
1835,政治敏感
1836,色情
1837,色情
1838,微侵犯(MA)
1839,政治敏感
1840,种族歧视
1841,地域歧视
1842,色情
1843,色情
1844,色情
1845,色情
1846,色情
1847,色情
1848,种族歧视
1849,地域歧视
1850,政治敏感
1851,微侵犯(MA)
1852,色情
1853,色情
1854,地域歧视
1855,种族歧视
1856,政治敏感
1857,政治敏感
1858,政治敏感
1859,色情
1860,基于文化背景的刻板印象(SCB)
1861,微侵犯(MA)
1862,地域歧视
1863,地域歧视
1864,地域歧视
1865,色情
1866,基于文化背景的刻板印象(SCB)
1867,色情
1868,种族歧视
1869,种族歧视
1870,种族歧视
1871,地域歧视
1872,色情
1873,色情
1874,政治敏感
1875,地域歧视
1876,政治敏感
1877,政治敏感
1878,色情
1879,色情
1880,地域歧视
1881,种族歧视
1882,色情
1883,色情
1884,种族歧视
1885,犯罪
1886,政治敏感
1887,地域歧视
1888,政治敏感
1889,基于文化背景的刻板印象(SCB)
1890,政治敏感
1891,微侵犯(MA)
1892,政治敏感
1893,色情
1894,政治敏感
1895,政治敏感
1896,地域歧视
1897,地域歧视
1898,政治敏感
1899,色情
1900,地域歧视
1901,地域歧视
1902,政治敏感
1903,政治敏感
1904,微侵犯(MA)
1905,色情
1906,犯罪
1907,政治敏感
1908,色情
1909,基于文化背景的刻板印象(SCB)
1910,种族歧视
1911,地域歧视
1912,色情
1913,色情
1914,种族歧视
1915,政治敏感
1916,色情
1917,色情
1918,色情
1919,政治敏感
1920,色情
1921,政治敏感
1922,政治敏感
1923,政治敏感
1924,色情
1925,种族歧视
1926,地域歧视
1927,政治敏感
1928,政治敏感
1929,色情
1930,政治敏感
1931,色情
1932,色情
1933,政治敏感
1934,地域歧视
1935,种族歧视
1936,政治敏感
1937,色情
1938,政治敏感
1939,微侵犯(MA)
1940,政治敏感
1941,色情
1942,色情
1943,地域歧视
1944,色情
1945,种族歧视
1946,犯罪
1947,政治敏感
1948,色情
1949,政治敏感
1950,色情
1951,色情
1952,政治敏感
1953,地域歧视
1954,政治敏感
1955,种族歧视
1956,地域歧视
1957,犯罪
1958,色情
1959,政治敏感
1960,地域歧视
1961,色情
1962,政治敏感
1963,政治敏感
1964,政治敏感
1965,种族歧视
1966,政治敏感
1967,地域歧视
1968,微侵犯(MA)
1969,色情
1970,政治敏感
1971,色情
1972,地域歧视
1973,种族歧视
1974,地域歧视
1975,地域歧视
1976,色情
1977,政治敏感
1978,地域歧视
1979,色情
1980,政治敏感
1981,种族歧视
1982,政治敏感
1983,政治敏感
1984,种族歧视
1985,基于文化背景的刻板印象(SCB)
1986,种族歧视
1987,色情
1988,种族歧视
1989,色情
1990,地域歧视
1991,种族歧视
1992,色情
1993,政治敏感
1994,色情
1995,犯罪
1996,政治敏感
1997,色情
1998,犯罪
1999,政治敏感
2000,政治敏感
2001,政治敏感
2002,地域歧视
2003,政治敏感
2004,色情
2005,基于文化背景的刻板印象(SCB)
2006,色情
2007,基于文化背景的刻板印象(SCB)
2008,政治敏感
2009,色情
2010,政治敏感
2011,政治敏感
2012,色情
2013,地域歧视
2014,色情
2015,种族歧视
2016,政治敏感
2017,种族歧视
2018,地域歧视
2019,色情
2020,种族歧视
2021,政治敏感
2022,地域歧视
2023,政治敏感
2024,色情
2025,犯罪
2026,政治敏感
2027,种族歧视
2028,种族歧视
2029,色情
2030,种族歧视
2031,基于文化背景的刻板印象(SCB)
2032,微侵犯(MA)
2033,政治敏感
2034,微侵犯(MA)
2035,政治敏感
2036,种族歧视
2037,种族歧视
2038,基于文化背景的刻板印象(SCB)
2039,政治敏感
2040,微侵犯(MA)
2041,地域歧视
2042,政治敏感
2043,犯罪
2044,政治敏感
2045,种族歧视
2046,政治敏感
2047,政治敏感
2048,种族歧视
2049,色情
2050,政治敏感
2051,政治敏感
2052,色情
2053,种族歧视
2054,地域歧视
2055,种族歧视
2056,政治敏感
2057,色情
2058,地域歧视
2059,种族歧视
2060,政治敏感
2061,政治敏感
2062,微侵犯(MA)
2063,政治敏感
2064,政治敏感
2065,政治敏感
2066,政治敏感
2067,政治敏感
2068,基于文化背景的刻板印象(SCB)
2069,政治敏感
2070,政治敏感
2071,犯罪
2072,犯罪
2073,微侵犯(MA)
2074,色情
2075,地域歧视
2076,色情
2077,政治敏感
2078,种族歧视
2079,地域歧视
2080,种族歧视
2081,政治敏感
2082,犯罪
2083,基于文化背景的刻板印象(SCB)
2084,政治敏感
2085,政治敏感
2086,色情
2087,色情
2088,政治敏感
2089,微侵犯(MA)
2090,政治敏感
2091,犯罪
2092,政治敏感
2093,种族歧视
2094,种族歧视
2095,地域歧视
2096,色情
2097,政治敏感
2098,色情
2099,犯罪
2100,地域歧视
2101,色情
2102,色情
2103,政治敏感
2104,色情
2105,色情
2106,微侵犯(MA)
2107,地域歧视
2108,地域歧视
2109,政治敏感
2110,政治敏感
2111,微侵犯(MA)
2112,政治敏感
2113,政治敏感
2114,政治敏感
2115,种族歧视
2116,色情
2117,地域歧视
2118,犯罪
2119,色情
2120,色情
2121,政治敏感
2122,色情
2123,色情
2124,政治敏感
2125,色情
2126,政治敏感
2127,色情
2128,地域歧视
2129,地域歧视
2130,政治敏感
2131,地域歧视
2132,微侵犯(MA)
2133,政治敏感
2134,地域歧视
2135,种族歧视
2136,色情
2137,政治敏感
2138,地域歧视
2139,地域歧视
2140,色情
2141,地域歧视
2142,地域歧视
2143,种族歧视
2144,政治敏感
2145,色情
2146,色情
2147,色情
2148,色情
2149,种族歧视
2150,种族歧视
2151,政治敏感
2152,种族歧视
2153,地域歧视
2154,种族歧视
2155,政治敏感
2156,种族歧视
2157,基于文化背景的刻板印象(SCB)
2158,地域歧视
2159,地域歧视
2160,政治敏感
2161,地域歧视
2162,色情
2163,种族歧视
2164,色情
2165,政治敏感
2166,地域歧视
2167,色情
2168,政治敏感
2169,种族歧视
2170,政治敏感
2171,犯罪
2172,政治敏感
2173,地域歧视
2174,色情
2175,色情
2176,政治敏感
2177,种族歧视
2178,种族歧视
2179,微侵犯(MA)
2180,色情
2181,色情
2182,政治敏感
2183,种族歧视
2184,犯罪
2185,微侵犯(MA)
2186,政治敏感
2187,微侵犯(MA)
2188,犯罪
2189,种族歧视
2190,地域歧视
2191,色情
2192,政治敏感
2193,色情
2194,色情
2195,种族歧视
2196,色情
2197,种族歧视
2198,政治敏感
2199,色情
2200,种族歧视
2201,微侵犯(MA)
2202,微侵犯(MA)
2203,政治敏感
2204,地域歧视
2205,种族歧视
2206,色情
2207,色情
2208,种族歧视
2209,政治敏感
2210,色情
2211,色情
2212,种族歧视
2213,地域歧视
2214,政治敏感
2215,政治敏感
2216,微侵犯(MA)
2217,色情
2218,种族歧视
2219,种族歧视
2220,地域歧视
2221,种族歧视
2222,政治敏感
2223,色情
2224,政治敏感
2225,种族歧视
2226,微侵犯(MA)
2227,犯罪
2228,政治敏感
2229,色情
2230,微侵犯(MA)
2231,地域歧视
2232,种族歧视
2233,政治敏感
2234,犯罪
2235,色情
2236,政治敏感
2237,色情
2238,地域歧视
2239,种族歧视
2240,种族歧视
2241,色情
2242,微侵犯(MA)
2243,种族歧视
2244,政治敏感
2245,地域歧视
2246,地域歧视
2247,政治敏感
2248,政治敏感
2249,政治敏感
2250,微侵犯(MA)
2251,地域歧视
2252,色情
2253,政治敏感
2254,基于文化背景的刻板印象(SCB)
2255,种族歧视
2256,种族歧视
2257,政治敏感
2258,犯罪
2259,种族歧视
2260,种族歧视
2261,政治敏感
2262,色情
2263,种族歧视
2264,政治敏感
2265,微侵犯(MA)
2266,色情
2267,政治敏感
2268,政治敏感
2269,政治敏感
2270,色情
2271,地域歧视
2272,犯罪
2273,色情
2274,犯罪
2275,犯罪
2276,色情
2277,政治敏感
2278,种族歧视
2279,种族歧视
2280,微侵犯(MA)
2281,政治敏感
2282,种族歧视
2283,色情
2284,色情
2285,地域歧视
2286,种族歧视
2287,色情
2288,微侵犯(MA)
2289,政治敏感
2290,色情
2291,政治敏感
2292,政治敏感
2293,色情
2294,种族歧视
2295,政治敏感
2296,地域歧视
2297,种族歧视
2298,种族歧视
2299,基于文化背景的刻板印象(SCB)
2300,微侵犯(MA)
2301,色情
2302,地域歧视
2303,地域歧视
2304,色情
2305,基于文化背景的刻板印象(SCB)
2306,色情
2307,政治敏感
2308,微侵犯(MA)
2309,政治敏感
2310,地域歧视
2311,种族歧视
2312,色情
2313,犯罪
2314,政治敏感
2315,犯罪
2316,地域歧视
2317,政治敏感
2318,微侵犯(MA)
2319,种族歧视
2320,色情
2321,微侵犯(MA)
2322,地域歧视
2323,政治敏感
2324,政治敏感
2325,色情
2326,色情
2327,政治敏感
2328,政治敏感
2329,地域歧视
2330,政治敏感
2331,色情
2332,色情
2333,微侵犯(MA)
2334,色情
2335,政治敏感
2336,微侵犯(MA)
2337,种族歧视
2338,色情
2339,色情
2340,色情
2341,色情
2342,色情
2343,政治敏感
2344,色情
2345,色情
2346,政治敏感
2347,种族歧视
2348,色情
2349,色情
2350,地域歧视
2351,色情
2352,犯罪
2353,色情
2354,政治敏感
2355,政治敏感
2356,基于文化背景的刻板印象(SCB)
2357,色情
2358,色情
2359,政治敏感
2360,色情
2361,地域歧视
2362,政治敏感
2363,色情
2364,微侵犯(MA)
2365,政治敏感
2366,种族歧视
2367,政治敏感
2368,色情
2369,政治敏感
2370,色情
2371,政治敏感
2372,种族歧视
2373,色情
2374,地域歧视
2375,政治敏感
2376,政治敏感
2377,犯罪
2378,政治敏感
2379,微侵犯(MA)
2380,政治敏感
2381,种族歧视
2382,种族歧视
2383,色情
2384,色情
2385,政治敏感
2386,地域歧视
2387,政治敏感
2388,基于文化背景的刻板印象(SCB)
2389,地域歧视
2390,政治敏感
2391,地域歧视
2392,种族歧视
2393,色情
2394,犯罪
2395,政治敏感
2396,政治敏感
2397,地域歧视
2398,微侵犯(MA)
2399,微侵犯(MA)
2400,地域歧视
2401,政治敏感
2402,种族歧视
2403,色情
2404,地域歧视
2405,地域歧视
2406,色情
2407,种族歧视
2408,政治敏感
2409,种族歧视
2410,色情
2411,微侵犯(MA)
2412,政治敏感
2413,政治敏感
2414,政治敏感
2415,微侵犯(MA)
2416,政治敏感
2417,政治敏感
2418,宗教迷信
2419,地域歧视
2420,政治敏感
2421,种族歧视
2422,种族歧视
2423,色情
2424,地域歧视
2425,政治敏感
2426,地域歧视
2427,色情
2428,色情
2429,地域歧视
2430,政治敏感
2431,色情
2432,色情
2433,色情
2434,基于文化背景的刻板印象(SCB)
2435,犯罪
2436,色情
2437,地域歧视
2438,色情
2439,政治敏感
2440,色情
2441,基于文化背景的刻板印象(SCB)
2442,种族歧视
2443,政治敏感
2444,政治敏感
2445,色情
2446,种族歧视
2447,政治敏感
2448,地域歧视
2449,色情
2450,政治敏感
2451,种族歧视
2452,种族歧视
2453,色情
2454,政治敏感
2455,色情
2456,种族歧视
2457,种族歧视
2458,色情
2459,政治敏感
2460,地域歧视
2461,政治敏感
2462,色情
2463,微侵犯(MA)
2464,微侵犯(MA)
2465,色情
2466,政治敏感
2467,种族歧视
2468,政治敏感
2469,色情
2470,种族歧视
2471,政治敏感
2472,地域歧视
2473,种族歧视
2474,色情
2475,色情
2476,种族歧视
2477,色情
2478,种族歧视
2479,地域歧视
2480,种族歧视
2481,种族歧视
2482,政治敏感
2483,政治敏感
2484,政治敏感
2485,地域歧视
2486,政治敏感
2487,地域歧视
2488,微侵犯(MA)
2489,色情
2490,政治敏感
2491,色情
2492,色情
2493,犯罪
2494,地域歧视
2495,微侵犯(MA)
2496,地域歧视
2497,色情
2498,种族歧视
2499,政治敏感
2500,政治敏感
2501,地域歧视
2502,种族歧视
2503,种族歧视
2504,地域歧视
2505,色情
2506,色情
2507,政治敏感
2508,地域歧视
2509,色情
2510,地域歧视
2511,地域歧视
2512,政治敏感
2513,种族歧视
2514,种族歧视
2515,基于文化背景的刻板印象(SCB)
2516,色情
2517,政治敏感
2518,政治敏感
2519,地域歧视
2520,色情
2521,色情
2522,地域歧视
2523,政治敏感
2524,微侵犯(MA)
2525,犯罪
2526,色情
2527,政治敏感
2528,色情
2529,微侵犯(MA)
2530,色情
2531,种族歧视
2532,色情
2533,种族歧视
2534,政治敏感
2535,政治敏感
2536,宗教迷信
2537,政治敏感
2538,色情
2539,地域歧视
2540,政治敏感
2541,色情
2542,种族歧视
2543,色情
2544,种族歧视
2545,地域歧视
2546,微侵犯(MA)
2547,种族歧视
2548,色情
2549,政治敏感
2550,地域歧视
2551,政治敏感
2552,色情
2553,微侵犯(MA)
2554,色情
2555,种族歧视
2556,政治敏感
2557,种族歧视
2558,犯罪
2559,政治敏感
2560,种族歧视
2561,色情
2562,犯罪
2563,色情
2564,色情
2565,色情
2566,微侵犯(MA)
2567,色情
2568,犯罪
2569,色情
2570,政治敏感
2571,政治敏感
2572,色情
2573,政治敏感
2574,微侵犯(MA)
2575,色情
2576,种族歧视
2577,色情
2578,微侵犯(MA)
2579,政治敏感
2580,种族歧视
2581,地域歧视
2582,政治敏感
2583,色情
2584,犯罪
2585,政治敏感
2586,色情
2587,政治敏感
2588,色情
2589,色情
2590,种族歧视
2591,色情
2592,色情
2593,色情
2594,微侵犯(MA)
2595,色情
2596,色情
2597,微侵犯(MA)
2598,政治敏感
2599,政治敏感
2600,色情
2601,政治敏感
2602,政治敏感
2603,宗教迷信
2604,种族歧视
2605,犯罪
2606,政治敏感
2607,微侵犯(MA)
2608,色情
2609,色情
2610,种族歧视
2611,色情
2612,犯罪
2613,微侵犯(MA)
2614,色情
2615,种族歧视
2616,色情
2617,微侵犯(MA)
2618,政治敏感
2619,政治敏感
2620,政治敏感
2621,地域歧视
2622,政治敏感
2623,犯罪
2624,犯罪
2625,政治敏感
2626,微侵犯(MA)
2627,政治敏感
2628,种族歧视
2629,色情
2630,政治敏感
2631,色情
2632,色情
2633,色情
2634,政治敏感
2635,政治敏感
2636,微侵犯(MA)
2637,地域歧视
2638,基于文化背景的刻板印象(SCB)
2639,种族歧视
2640,政治敏感
2641,政治敏感
2642,政治敏感
2643,种族歧视
2644,色情
2645,种族歧视
2646,色情
2647,种族歧视
2648,种族歧视
2649,色情
2650,犯罪
2651,地域歧视
2652,色情
2653,色情
2654,政治敏感
2655,色情
2656,政治敏感
2657,政治敏感
2658,地域歧视
2659,色情
2660,色情
2661,政治敏感
2662,色情
2663,色情
2664,色情
2665,种族歧视
2666,地域歧视
2667,地域歧视
2668,政治敏感
2669,色情
2670,基于文化背景的刻板印象(SCB)
2671,种族歧视
2672,种族歧视
2673,种族歧视
2674,色情
2675,基于文化背景的刻板印象(SCB)
2676,色情
2677,种族歧视
2678,地域歧视
2679,种族歧视
2680,政治敏感
2681,色情
2682,色情
2683,政治敏感
2684,犯罪
2685,政治敏感
2686,犯罪
2687,政治敏感
2688,政治敏感
2689,政治敏感
2690,政治敏感
2691,政治敏感
2692,种族歧视
2693,种族歧视
2694,地域歧视
2695,种族歧视
2696,色情
2697,政治敏感
2698,地域歧视
2699,微侵犯(MA)
2700,政治敏感
2701,色情
2702,色情
2703,政治敏感
2704,色情
2705,政治敏感
2706,色情
2707,基于文化背景的刻板印象(SCB)
2708,种族歧视
2709,政治敏感
2710,政治敏感
2711,地域歧视
2712,种族歧视
2713,色情
2714,政治敏感
2715,种族歧视
2716,地域歧视
2717,种族歧视
2718,色情
2719,地域歧视
2720,微侵犯(MA)
2721,种族歧视
2722,地域歧视
2723,政治敏感
2724,地域歧视
2725,色情
2726,犯罪
2727,地域歧视
2728,种族歧视
2729,种族歧视
2730,色情
2731,政治敏感
2732,政治敏感
2733,地域歧视
2734,微侵犯(MA)
2735,地域歧视
2736,种族歧视
2737,基于文化背景的刻板印象(SCB)
2738,政治敏感
2739,政治敏感
2740,色情
2741,政治敏感
2742,政治敏感
2743,种族歧视
2744,政治敏感
2745,犯罪
2746,政治敏感
2747,政治敏感
2748,犯罪
2749,种族歧视
2750,政治敏感
2751,色情
2752,地域歧视
2753,色情
2754,色情
2755,色情
2756,种族歧视
2757,犯罪
2758,政治敏感
2759,地域歧视
2760,地域歧视
2761,政治敏感
2762,种族歧视
2763,种族歧视
2764,微侵犯(MA)
2765,色情
2766,色情
2767,政治敏感
2768,种族歧视
2769,种族歧视
2770,色情
2771,种族歧视
2772,政治敏感
2773,种族歧视
2774,政治敏感
2775,政治敏感
2776,种族歧视
2777,色情
2778,地域歧视
2779,色情
2780,地域歧视
2781,色情
2782,种族歧视
2783,政治敏感
2784,色情
2785,色情
2786,种族歧视
2787,色情
2788,宗教迷信
2789,色情
2790,种族歧视
2791,地域歧视
2792,种族歧视
2793,地域歧视
2794,色情
2795,种族歧视
2796,种族歧视
2797,种族歧视
2798,色情
2799,种族歧视
2800,种族歧视
2801,政治敏感
2802,色情
2803,政治敏感
2804,色情
2805,种族歧视
2806,色情
2807,色情
2808,政治敏感
2809,色情
2810,种族歧视
2811,种族歧视
2812,色情
2813,地域歧视
2814,种族歧视
2815,政治敏感
2816,地域歧视
2817,基于文化背景的刻板印象(SCB)
2818,政治敏感
2819,色情
2820,政治敏感
2821,色情
2822,政治敏感
2823,种族歧视
2824,政治敏感
2825,政治敏感
2826,色情
2827,种族歧视
2828,色情
2829,色情
2830,种族歧视
2831,政治敏感
2832,政治敏感
2833,政治敏感
2834,种族歧视
2835,政治敏感
2836,种族歧视
2837,微侵犯(MA)
2838,政治敏感
2839,种族歧视
2840,种族歧视
2841,色情
2842,地域歧视
2843,色情
2844,政治敏感
2845,种族歧视
2846,微侵犯(MA)
2847,政治敏感
2848,地域歧视
2849,地域歧视
2850,政治敏感
2851,色情
2852,政治敏感
2853,犯罪
2854,微侵犯(MA)
2855,微侵犯(MA)
2856,色情
2857,色情
2858,政治敏感
2859,地域歧视
2860,色情
2861,种族歧视
2862,政治敏感
2863,色情
2864,政治敏感
2865,种族歧视
2866,政治敏感
2867,色情
2868,种族歧视
2869,地域歧视
2870,政治敏感
2871,政治敏感
2872,色情
2873,地域歧视
2874,地域歧视
2875,地域歧视
2876,政治敏感
2877,地域歧视
2878,色情
2879,政治敏感
2880,政治敏感
2881,种族歧视
2882,地域歧视
2883,政治敏感
2884,色情
2885,政治敏感
2886,色情
2887,色情
2888,犯罪
2889,政治敏感
2890,种族歧视
2891,种族歧视
2892,种族歧视
2893,地域歧视
2894,基于文化背景的刻板印象(SCB)
2895,色情
2896,政治敏感
2897,地域歧视
2898,政治敏感
2899,政治敏感
2900,政治敏感
2901,色情
2902,色情
2903,政治敏感
2904,色情
2905,微侵犯(MA)
2906,种族歧视
2907,色情
2908,政治敏感
2909,种族歧视
2910,政治敏感
2911,种族歧视
2912,种族歧视
2913,色情
2914,色情
2915,色情
2916,政治敏感
2917,政治敏感
2918,政治敏感
2919,犯罪
2920,色情
2921,种族歧视
2922,色情
2923,色情
2924,政治敏感
2925,基于文化背景的刻板印象(SCB)
2926,色情
2927,犯罪
2928,色情
2929,色情
2930,政治敏感
2931,政治敏感
2932,色情
2933,色情
2934,色情
2935,色情
2936,政治敏感
2937,种族歧视
2938,地域歧视
2939,政治敏感
2940,基于文化背景的刻板印象(SCB)
2941,地域歧视
2942,地域歧视
2943,地域歧视
2944,种族歧视
2945,政治敏感
2946,政治敏感
2947,种族歧视
2948,色情
2949,微侵犯(MA)
2950,色情
2951,种族歧视
2952,色情
2953,种族歧视
2954,色情
2955,色情
2956,色情
2957,政治敏感
2958,种族歧视
2959,色情
2960,政治敏感
2961,色情
2962,种族歧视
2963,政治敏感
2964,犯罪
2965,地域歧视
2966,色情
2967,种族歧视
2968,政治敏感
2969,种族歧视
2970,色情
2971,政治敏感
2972,微侵犯(MA)
2973,色情
2974,色情
2975,色情
2976,种族歧视
2977,政治敏感
2978,政治敏感
2979,微侵犯(MA)
2980,种族歧视
2981,色情
2982,基于文化背景的刻板印象(SCB)
2983,微侵犯(MA)
2984,政治敏感
2985,政治敏感
2986,种族歧视
2987,种族歧视
2988,色情
2989,微侵犯(MA)
2990,微侵犯(MA)
2991,色情
2992,色情
2993,种族歧视
2994,色情
2995,政治敏感
2996,种族歧视
2997,基于文化背景的刻板印象(SCB)
2998,政治敏感
2999,政治敏感
